url,name
https://www.youtube.com/shorts/-rlvnR2XUMU,meme_microwave-beep
https://www.youtube.com/watch?v=zhKB78Cm_44,meme_smoke-alarm-chirp
https://www.youtube.com/watch?v=glN0W8WogK8,meme_lego-yoda-death
https://www.youtube.com/watch?v=8Z0JhcWURDY,meme_lego-fall-apart
https://www.youtube.com/watch?v=SHVYrBaZbRM,meme_lego_chewbacca_death
https://www.youtube.com/watch?v=iik25wqIuFo,meme_rick-roll-intro
https://www.youtube.com/watch?v=y9Ln-qyvX_I,meme_ps2-intro
https://www.youtube.com/watch?v=oAhvQoLpvsM,meme_ps1-intro
https://www.youtube.com/watch?v=YB1tRbJvPkE,meme_cod-zombies-round-start
https://www.youtube.com/watch?v=wlkPCr1XTrw,meme_cod-zombies-mystery-box
https://www.youtube.com/watch?v=uypk_6ScF08,meme_cod-zombies-dog-round
https://www.youtube.com/watch?v=3w-2gUSus34,meme_roblox-oof
https://www.youtube.com/watch?v=i2TWdbcJp8s,meme_ultra_instinct
https://www.youtube.com/watch?v=pAvGxLjogRA,meme_mariokart-starpower
https://www.youtube.com/watch?v=ekL881PJMjI,meme_amongus-imposter
https://www.youtube.com/watch?v=3Y7aWLpuxA4,meme_tf2-nope
https://www.youtube.com/watch?v=VbKU58flqH4,meme_mario-falling
https://www.youtube.com/watch?v=rr3-dnq7yyM,scary_fnaf-ah-scream
https://www.youtube.com/watch?v=ao5553wkVe8,scary_fnaf-ambience
https://www.youtube.com/watch?v=C8gUROkTD_A,scary_fnaf-hallway
https://www.youtube.com/watch?v=ZCMDOxPNLN8,scary_fnaf-nightmare-laugh
https://www.youtube.com/watch?v=iy2S9yNVa_s,scary_fnaf-freddy-laugh
https://www.youtube.com/watch?v=Gbo86QRiTLg,scary_roblox-creepy-ambience
https://www.youtube.com/watch?v=-iGk7MT_0R0,meme_tie-fighter-roar
https://www.youtube.com/watch?v=FgxoZ1qi4JM,meme_ceeday-scream
https://www.youtube.com/watch?v=_U-0tOqQc1U,meme_pufferfish-augh
https://www.youtube.com/watch?v=K3kFQHKE0LA,meme_gtav-wasted
https://www.youtube.com/watch?v=QDS4B0mM-ew,meme_dialup-internet
https://www.youtube.com/watch?v=D2_r4q2imnQ,meme_bruh-sound
https://www.youtube.com/watch?v=ZW6pRmYh1ow,meme_bad-to-the-bone
https://www.youtube.com/watch?v=gP3MuUTmXNk,meme_law-and-order
https://www.youtube.com/watch?v=c4TlgjxD594,meme_tf2-incoming
https://www.youtube.com/watch?v=vfy2Ss50cEM,meme_e-sound
https://www.youtube.com/watch?v=Oc7Cin_87H4,meme_vine-boom
https://www.youtube.com/watch?v=BmbM5B4NjxY,meme_aauugghh-scream
https://www.youtube.com/watch?v=SGqL6aXQGxs,meme_bing-chilling
https://www.youtube.com/watch?v=pyBEvMXVfL0,meme_skeleton-shield-bang
https://www.youtube.com/watch?v=HbmtkVhsOiA,meme_break-from-the-ads
https://www.youtube.com/watch?v=Fnz9ljn1cwE,meme_gamecube-intro
https://www.youtube.com/watch?v=SdmfidIYS84,meme_what-the-dog-doin
https://www.youtube.com/watch?v=9FLRHejWAo8,meme_reverb-fart
https://www.youtube.com/watch?v=8r3IHDr7M2s,meme_tom-and-jerry-scream
https://www.youtube.com/watch?v=jT8IBzGNKOU,meme_door-knock
https://www.youtube.com/watch?v=4kVTqUxJYBA,meme_cash-register-sound
https://www.youtube.com/watch?v=xUgCYTbk3Cc,meme_air-impact-wrench
https://www.youtube.com/watch?v=5ynslUS4vvM,meme_og-tom-jerry-scream
https://www.youtube.com/watch?v=YN1SGS7N02U,meme_wet-fart
https://www.youtube.com/watch?v=f8mL0_4GeV0,meme_metal-pipe
https://www.youtube.com/watch?v=P3aAsD9TZNM,meme_discord-join
https://www.youtube.com/watch?v=AY7LPwk3lE4,meme_discord-leave
https://www.youtube.com/watch?v=rIPq9Fl5r44,meme_discord-message
https://www.youtube.com/watch?v=IgKm3gRYWAE,meme_discord-call
https://www.youtube.com/watch?v=TcnufvBffcY,meme_glass-bottle-break
https://www.youtube.com/watch?v=Zv-elasnwLg,meme_half-life-scientist-1
https://www.youtube.com/watch?v=sLb5h2ONzPk,meme_half-life-scientist-2
https://www.youtube.com/watch?v=_GGfz-o5khc,meme_gmod-ragdoll
https://www.youtube.com/watch?v=JjkQzPsKv1Y,meme_windows-disconnect
https://www.youtube.com/watch?v=jr05jX4CU84,meme_windows-connect
https://www.youtube.com/watch?v=3iFPW_1MgLc,meme_windows-sticky-keys
https://www.youtube.com/watch?v=vS43ZgcQ_hE,meme_windows-error-ultra
https://www.youtube.com/watch?v=0tOsucpdD7Y,meme_funny-tube
https://www.youtube.com/watch?v=oCX-a1r1Gzk,meme_monkey-screaming
https://www.youtube.com/watch?v=_bmcwEK4a1A,meme_monkey-casual
https://www.youtube.com/watch?v=GTXUWhmjCog,meme_cat-laugh
https://www.youtube.com/watch?v=dinyOvO2EEo,meme_hells-kitchen
https://www.youtube.com/watch?v=1XAl0t_cju4,meme_scooby-laugh
https://www.youtube.com/watch?v=KnHmoA6Op1o,meme_gnome-woo